code,description,unit,category,marked
289501,CABLE ZIP TIES 300mm (PKT OF 100),PKT,CABLE TIES / ZIP TIES,
289502,CABLE ZIP TIES 370mm (PKT OF 100),PKT,CABLE TIES / ZIP TIES,
172523,CHAIN GALV 6mm LINK,METRE,CHAIN,
172501,CHAIN GALVANIZED 10mm,METRE,CHAIN,
208125,DEE SHACKLES 6mm 0.5T,EACH,DEE SHACKLE,
208240,DEE SHACKLES 8mm 0.75T,EACH,DEE SHACKLE,
208350,DEE SHACKLES 10mm 1.0T,EACH,DEE SHACKLE,
208462,DEE SHACKLES 13mm 2.0T,EACH,DEE SHACKLE,
208575,DEE SHACKLES 16mm 3.2T,EACH,DEE SHACKLE,
207358,FASTY STRAP YELLOW 1.5m x 25mm – 400kg,EACH,FASTY STRAP,
207359,FASTY STRAP BLACK 3.5m x 25mm – 400kg,EACH,FASTY STRAP,
207365,FASTY STRAP RED 2.5m x 25mm – 400kg,EACH,FASTY STRAP,
207373,FASTY STRAP BLUE 2m x 25mm – 400kg,EACH,FASTY STRAP,
201402,RATCHET LOCKING 1500kg 35mm x 6m,EACH,RATCHET TIE DOWNS,
201403,RATCHET S HOOK 1000kg 35mm x 6m,EACH,RATCHET TIE DOWNS,
207477,RATCHET S HOOK 450kg 25mm x 4m,EACH,RATCHET TIE DOWNS,
201101,ROPE POLY 6mm,METRE,ROPE,
201201,ROPE POLY 12mm,METRE,ROPE,
174201,LARGE TARP POLY BLU/SILVER 3.6m x 5.4m,EACH,TARP,
207053,SMALL TARP POLY BLU/SILVER 1.8m x 2.4m,EACH,TARP,
182461,SPRAY & MARK PINK 350g MARKING,EACH,SPRAY & MARK PAINT,
182476,SPRAY & MARK BLACK 350g MARKING,EACH,SPRAY & MARK PAINT,
182477,SPRAY & MARK WHITE 350g MARKING,EACH,SPRAY & MARK PAINT,
182478,SPRAY & MARK YELLOW 350g MARKING,EACH,SPRAY & MARK PAINT,
182480,SPRAY & MARK BLUE 350g MARKING,EACH,SPRAY & MARK PAINT,
182493,RED ENAMEL 325g,EACH,ENAMEL SPRAY PAINT,
182791,WHITE 400g ENAMEL SPRAY PAINT,EACH,ENAMEL SPRAY PAINT,
182793,BLUE ENAMEL 325g,EACH,ENAMEL SPRAY PAINT,
182794,GREEN ENAMEL 325g,EACH,ENAMEL SPRAY PAINT,
182797,BLACK ENAMEL 350g,EACH,ENAMEL SPRAY PAINT,
182798,YELLOW ENAMEL 325g,EACH,ENAMEL SPRAY PAINT,
182492,HEAVY DUTY GREY PRIMER 400g SPRAY PAINT,EACH,HEAVY DUTY SPRAY PAINT,
206942,SILVER BRIGHT SPRAY PAINT 350g,EACH,HEAVY DUTY SPRAY PAINT,
207196,SPRAY PAINT COLD GAL 400g,EACH,HEAVY DUTY SPRAY PAINT,
118201,PAINT BRUSH 25mm,EACH,PAINT BRUSH,
118202,PAINT BRUSH 50mm,EACH,PAINT BRUSH,
118203,PAINT BRUSH 75mm,EACH,PAINT BRUSH,
118204,PAINT BRUSH 100mm,EACH,PAINT BRUSH,
182921,PAINT ROLLER SLEEVE 230mm,EACH,PAINT ROLLER,
182940,PAINT ROLLER 130mm,EACH,PAINT ROLLER,
182941,PAINT ROLLER 230mm,EACH,PAINT ROLLER,
206904,PAINT ROLLER SLEEVE 130mm,3 TO A PACK,PAINT ROLLER,
182961,PAINT SCRAPPER 50mm,EACH,PAINT SCRAPPER,
182962,PAINT SCRAPPER 75mm,EACH,PAINT SCRAPPER,
207119,MASKING TAPE 50mm x 50m,EACH,MASKING TAPE,
207182,CLEAR PACKING TAPE 48mm x 75M,EACH,ADHESIVE TAPE,
207222,BLACK DENSO TAPE PVC 931 PETROGUARD,EACH,ADHESIVE TAPE,
207227,ASBESTOS BLACK/YELLOW ADHESIVE TAPE,EACH,ADHESIVE TAPE,
207516,ADHESIVE LCC AWARE TAPE,EACH,ADHESIVE TAPE,
207565,DOCUMENT BINDING TAPE CLOTH BLACK 50mm,EACH,ADHESIVE TAPE,
223302,DUCT TAPE SILVER/GREY 50mm x 30m,EACH,ADHESIVE TAPE,
223502,INSULATION / ELECTRICAL TAPE BLACK,EACH,ADHESIVE TAPE,
207160,FLAGGING TAPE HOT PINK,EACH,NON-ADHESIVE TAPE,
207517,NON-ADHESIVE LCC AWARE TAPE,EACH,NON-ADHESIVE TAPE,
223152,BARRIER HAZARD TAPE YELLOW/BLACK 75x100m,EACH,NON-ADHESIVE TAPE,
223710,THREAD TEFLON PLUMBERS TAPE,EACH,NON-ADHESIVE TAPE,
223801,ASBESTOS BARRIER TAPE YELLOW/BLACK,EACH,NON-ADHESIVE TAPE,
207163,INFORMATION TAG,EACH,INFO CAUTION TAGS,
207164,YELLOW – CAUTION OUT OF SERVICE TAG,EACH,INFO CAUTION TAGS,
207165,RED – DO NOT OPERATE TAG,EACH,INFO CAUTION TAGS,
169201,MARKING PEN BLACK,EACH,INDUSTRIAL MARKERS,
169301,LUMBER CRAYON YELLOW,"EACH (1 Crayon, 12 to a Box)",INDUSTRIAL MARKERS,
174152,SHRINKWRAP 500mm x 400m x 23UM CLEAR,EACH,PALLET PACKAGING,
129703,PRESSURE PUMP SPRAY BOTTLE 1 LITRE,EACH,SPRAY BOTTLES,
129706,PLASTIC TRIGGER SPRAY BOTTLE 500ML,EACH,SPRAY BOTTLES,
207350,SPRAY BOTTLE 5LT WITH SHOULDER STRAP,EACH,SPRAY BOTTLES,
106100,BATTERY AAA,EACH,BATTERY / TORCH,
106101,BATTERY AA,EACH,BATTERY / TORCH,
106151,BATTERY C,EACH,BATTERY / TORCH,
106201,BATTERY D,EACH,BATTERY / TORCH,
106251,BATTERY 6 VOLT (SUITABLE FOR TORCH),EACH,BATTERY / TORCH,
106252,BATTERY 9V,EACH,BATTERY / TORCH,
153151,TORCH DOLPHIN LED,EACH,BATTERY / TORCH,
208508,BATTERY CR2032,EACH,BATTERY / TORCH,
174002,4 PLUG SURGE POWER BOARD,EACH,ELECTRICAL,
174003,3 METRE EXTENSION LEAD H/DUTY,EACH,ELECTRICAL,
207112,5 METRE EXTENSION LEAD,EACH,ELECTRICAL,
145005,SHARPS CONTAINER 1.4L,EACH,FIRST AID,
145031,BAND-AID PKT 100,PKT,FIRST AID,
145035,BANDAGE CONFORMING 7.5cm x 1.8m,EACH,FIRST AID,
145054,TRIANGULAR BANDAGE,EACH,FIRST AID,
145082,STERILE COMBINE PAD 10cm X 20cm,EACH,FIRST AID,
145184,NON-ADHERENT PAD 7.5cm X 10cm,EACH,FIRST AID,
145186,WOUND DRESSING No.13,EACH,FIRST AID,
145187,NON-ADHERENT DRESSING 10cm X 10cm,EACH,FIRST AID,
145188,NON-ADHERENT PAD 5cm X 7.5cm,EACH,FIRST AID,
145251,ANTISEPTIC CREAM 1g SATCHEL,EACH,FIRST AID,
145301,REFILL FOR INDUSTRIAL FIRST AID KIT,EACH,FIRST AID,
145303,FIRST AID KIT – LARGE INDUSTRIAL,EACH,FIRST AID,
145343,SALINE SOLUTION 15ml,EACH,FIRST AID,
145345,EYE PAD,EACH,FIRST AID,
145401,FIRST AID KIT – SMALL GLOVE BOX,EACH,FIRST AID,
145402,SNAKE BITE KIT,EACH,FIRST AID,
145431,ANTISEPTIC RAPID SPRAY 50ml,EACH,FIRST AID,
145542,FIRST AID STICKER 15cm X 15cm,EACH,FIRST AID,
145581,MEDICAL SCISSORS FIRST AID,EACH,FIRST AID,
145601,FIRST AID TAPE SURG 2.5cm x 9M,EACH,FIRST AID,
145611,STINGOES GEL 25g,EACH,FIRST AID,
159302,TONGS FOR SHARPS CONTAINER,EACH,FIRST AID,
207066,INSTANT COLD PACK,EACH,FIRST AID,
207101,SPLINTER PROBES DISPOSABLE,PKT (5 in a packet),FIRST AID,
207103,GAUZE SWABS STERILE 7.5cm x 7.5cm,EACH,FIRST AID,
207104,IODINE POVIDONE PREP PADS,PKT (100 SACHET),FIRST AID,
207121,100PK ALCO WIPES,PKT (100 SACHETS),FIRST AID,
207169,BURN AID CREAM 3.5g SACHET,EACH,FIRST AID,
207488,TICK REMOVER,EACH,FIRST AID,
208234,TICK TOX FREEZE SPRAY,EACH,FIRST AID,
208268,SHARPS CONTAINER 5L,EACH,FIRST AID,
208447,MODULAR TRAUMA DRESSING,EACH,FIRST AID,
207032,LCC TAKE FIVE BOOKS,EACH,ENVELOPES & LETTER HEAD,
207143,ENVELOPE C4 POCKET PLAIN FACE PEAL&SEAL,BOX 250,ENVELOPES & LETTER HEAD,
207144,ENVELOPE DLX BARCODE WINDOW FACE SELF SEAL,BOX 500,ENVELOPES & LETTER HEAD,
207145,ENVELOPE DLX PLAIN FACE SELF SEAL,BOX 500,ENVELOPES & LETTER HEAD,
207146,ENVELOPE DLX BARCODE WINDOW FACE LICK&STICK,BOX 1000,ENVELOPES & LETTER HEAD,
207147,ENVELOPE C4 POCKET WINDOW FACE PEAL&SEAL,BOX 250,ENVELOPES & LETTER HEAD,
207148,ENVELOPE C5 162 x 229mm PLAIN FACE,BOX 500,ENVELOPES & LETTER HEAD,
207149,ENVELOPE B4 PLAIN FACE PEAL&SEAL,BOX 250,ENVELOPES & LETTER HEAD,
207151,ENVELOPE DL REPLY PAID SELF SEAL,BOX 500,ENVELOPES & LETTER HEAD,
207152,ENVELOPE DLX TO THE H/HOLD P/F L/S,BOX 1000,ENVELOPES & LETTER HEAD,
207155,LCC LETTERHEADS,REAM 500 A4 Sheets,ENVELOPES & LETTER HEAD,
208146,ENVELOPE DLX BARCODE WINDOW FACE LICK n STICK,BOX 1000,ENVELOPES & LETTER HEAD,
129510,1 PLY TOILET PAPER,CTN,HAND TOWELS / TOILET ROLLS / TISSUES,
207117,INTERLEAF HAND TOWEL,CTN (40 cartons make a pallet),HAND TOWELS / TOILET ROLLS / TISSUES,
207123,HAND TOWEL ROLLS,CTN,HAND TOWELS / TOILET ROLLS / TISSUES,
207125,TISSUES,EACH (48 tissues make a carton),HAND TOWELS / TOILET ROLLS / TISSUES,
207218,2 PLY TOILET PAPER,CTN,HAND TOWELS / TOILET ROLLS / TISSUES,
207219,JUMBO 2PLY TOILET PAPER ROLLS,PKT (8 rolls per pkt),HAND TOWELS / TOILET ROLLS / TISSUES,
207468,BRIGHTON HAND TOWEL (RCM ONLY),CTN,HAND TOWELS / TOILET ROLLS / TISSUES,
208500,DISPENSER FOR INTERLEAF,EACH,HAND TOWELS / TOILET ROLLS / TISSUES,
128404,500ml EUCA INDUSTRIAL HAND CLEANER,EACH,HAND SOAP,
128411,5 LITRE CIT GRIT HEAVY DUTY HAND CLEANER,EACH,HAND SOAP,
128412,PINK LIQUID SOAP,EACH,HAND SOAP,
145506,LIQUID ANTI-BACTERIAL SOAP,EACH,HAND SOAP,
207655,PUMP NOZZLE TO SUIT 5L BOTTLE,EACH,HAND SOAP,
208107,ANTI-BAC HAND SOAP,EACH,HAND SOAP,
208287,FOAM HAND WASH FOR DISPENSER,EACH,HAND SOAP,
208288,SOAP DISPENSER,EACH,HAND SOAP,
128407,SMALL HAND SANITISER,EACH,HAND SANITISER GEL,
128413,HAND SANITISER 500ml,EACH,HAND SANITISER GEL,
128251,CHAMOIS CAR / TRUCK,EACH,WIPES / RAGS,
128455,WYPALL HAND TOWEL,EACH,WIPES / RAGS,
128456,HEAVY DUTY HAND CLEANING WIPES SWARFEGA,EACH,WIPES / RAGS,
128704,SOAP PADS STEELO (pkt of 12),EACH,WIPES / RAGS,
128705,SCOURING / SPONGE PAD GREEN,EACH,WIPES / RAGS,
129002,CLOTH CHUXS 60cm X 45cm Pkt of 20,EACH,WIPES / RAGS,
174252,BAG OF RAGS T.SHIRT 10kg,EACH,WIPES / RAGS,
207353,WET WIPES PKT 80,EACH,WIPES / RAGS,
207676,WIPES ANTIBACTERIAL PKT 80,EACH,WIPES / RAGS,
207981,WOODEN SPOONS 1000,EACH,WIPES / RAGS,
208241,SCOURER PAD GREEN (10 PACK),EACH,WIPES / RAGS,
208507,WYPALL WALL MOUNTED DISPENSER,EACH,WIPES / RAGS,
128151,TRUCK/CAR WASH 20LT DRUM,EACH,CLEANING,
128378,FURNITURE POLISH 250GM CLEANER,EACH,CLEANING,
128702,GUMPTION PASTE 500G,EACH,CLEANING,
128703,DISHWASHING TABLET FINISH 110 TABS,EACH,CLEANING,
129705,WINDOW / SURFACE SPRAY CLEANER,EACH,CLEANING,
169471,TRUCK/CAR WASH 1 LT BOTTLE,EACH,CLEANING,
169472,CAR / TRUCK VINYL PROTECTANT,EACH,CLEANING,
207649,DISHWASHING LIQUID 5LT,EACH,CLEANING,
207651,DISHWASHER CLEANER 250ML,EACH,CLEANING,
208106,ANTIBACTERIAL SPRAY CLEANER 750ml GERMGUARD,EACH,CLEANING,
208117,REDBACK CLEANING ABRASIVE,EACH,CLEANING,
208255,FINISH RINSE-AID REGULAR 500ml,EACH,CLEANING,
208256,DISHWASHER SALT 2KG,EACH,CLEANING,
208501,TYRE SHINE,EACH,CLEANING,
169844,GLEN 20 DISINFECTANT SPRAY 300gm,EACH,DISINFECTANTS,
207109,DISINFECTANT EUCA 5LT,EACH,DISINFECTANTS,
208227,DISINFECTANT 15LT DRUM LEMON,EACH,DISINFECTANTS,
169500,AIR FRESHENER SPRAY FOR CAR / TRUCK,EACH,DEODORIZERS,
207064,AIROMA COOL FRAGRANCE REFILL,EACH,DEODORIZERS,
207212,AIROMA MYSTIQUE FRAGRANCE REFILL,EACH,DEODORIZERS,
207364,TOILET URINAL BLOCKS 4KG,EACH,DEODORIZERS,
207500,PORTA-LOO (TOILET) BOWL DEODORIZER 1LT,EACH,DEODORIZERS,
207510,CHLORINE TABLETS NON EFFERVESCENT 200TAB,EACH,DEODORIZERS,
208212,DISPENSER FOR AIROMA FRAGRANCE REFILLS,EACH,DEODORIZERS,
117101,BROOM HEAD – SCAVENGER ROAD NYLON,EACH,BROOMS / MOPS / BRUSHES,
117201,BROOM HEAD – HOUSEHOLD SOFT 300MM SMALL,EACH,BROOMS / MOPS / BRUSHES,
117401,BROOM HEAD – WAREHOUSE SOFT 600MM LARGE INCL HANDLE,EACH,BROOMS / MOPS / BRUSHES,
118051,BANNISTER HAND BRUSH PLASTIC,EACH,BROOMS / MOPS / BRUSHES,
128951,DUSTPAN AND BRUSH SET,EACH,BROOMS / MOPS / BRUSHES,
129101,MOP HEAD,EACH,BROOMS / MOPS / BRUSHES,
159151,BROOM HANDLE PLASTIC 22MM SCREW THREAD,EACH,BROOMS / MOPS / BRUSHES,
206903,HANDLE FOR SCAVENGER BROOM – WOODEN 25mm,EACH,BROOMS / MOPS / BRUSHES,
119101,GALVANISED BUCKET 9 LITRE,EACH,BINS / BUCKETS / BAGS,
119301,PLASTIC BUCKET 9 LITRE,EACH,BINS / BUCKETS / BAGS,
172301,RUBBISH BIN GALVANISED 55LT WITH LID,EACH,BINS / BUCKETS / BAGS,
172302,RUBBISH BIN PLASTIC 73LT WITH LID,EACH,BINS / BUCKETS / BAGS,
207110,GARBAGE / RUBBISH BAGS 82LT (Pkt of 50),EACH,BINS / BUCKETS / BAGS,
207113,GARBAGE / RUBBISH BAGS ROLL 36LT WHITE (Pkt of 50),EACH,BINS / BUCKETS / BAGS,
207115,GARBAGE / RUBBISH BAGS 240LT (Pkt of 50),EACH,BINS / BUCKETS / BAGS,
145241,HOSPITAL SKIN CARE LOTION,EACH,SKIN / BARRIER CREAM,
145246,BARRIER CREAM TUBE,EACH,SKIN / BARRIER CREAM,
145442,CLEAR ZINKE TUBE,EACH,SUNSCREEN,
145482,SUNSCREEN 50+ TUBE 125ml,EACH,SUNSCREEN,
207122,LIP BALM,EACH,SUNSCREEN,
207356,SPRAY ON SUNSCREEN,EACH,SUNSCREEN,
207084,RID INSECT REPELLENT SPRAY,EACH,INSECT REPELLENT,
207487,BUSHMAN INSECT REPEL GEL,EACH,INSECT REPELLENT,
215459,BUSHMAN INSECT REPELLENT SPRAY,EACH,INSECT REPELLENT,
125402,WASP KILLER SPRAY 345G,EACH,PEST CONTROL,
125403,FLY SPRAY PEA BEU AIRBORNE FAST KILL,EACH,PEST CONTROL,
207208,FLY SPRAY MORTEIN SURFACE SPRAY BLACK,EACH,PEST CONTROL,
208230,ANT SAND PESTICIDE,EACH,PEST CONTROL,
208232,FIRE ANT BAIT 1KG,EACH,PEST CONTROL,
208513,INITIATOR INSECTICIDE & FERTILIZER TABS 3kg,EACH,PEST CONTROL,
192802,GRASS SEED 5KG LCC MIX,EACH,GRASS SEED / GARDEN SOIL,
207206,GRASS SEED 25KG LCC MIX,EACH,GRASS SEED / GARDEN SOIL,
208515,GARDEN SOIL 25lt,EACH (72 bags/pallet),GRASS SEED / GARDEN SOIL,
192404,WEEDKILLER 20LT DRUM BIACTIVE,EACH,FERTILIZERS / WEEDKILLERS,
207375,WEED N FEED 4LTR LIQUID,EACH,FERTILIZERS / WEEDKILLERS,
207376,ECO88s FERTILIZER 25kg,EACH,FERTILIZERS / WEEDKILLERS,
207568,LIQUID GRASS FEED (POWERFEED) 5LTR,EACH,FERTILIZERS / WEEDKILLERS,
207569,PLANT FOOD (SEASOL) 5LTR,EACH,FERTILIZERS / WEEDKILLERS,
146501,FILE RASP HORSE 350MM COARSE,EACH,TOOLS & HARDWARE — WRENCHES & PLIERS,
152701,COMBINATION PLIERS 200mm,EACH,TOOLS & HARDWARE — WRENCHES & PLIERS,
152751,PLIERS FENCING / ENGINEERING 300mm,EACH,TOOLS & HARDWARE — WRENCHES & PLIERS,
152852,GIBAULT RATCHET (podgy bar) 22mm TO 24mm,EACH,TOOLS & HARDWARE — WRENCHES & PLIERS,
168877,SIDE CUTTERS 200mm,EACH,TOOLS & HARDWARE — WRENCHES & PLIERS,
168973,NIPPERS END CUT 200mm,EACH,TOOLS & HARDWARE — WRENCHES & PLIERS,
1699172,MULTIGRIPS 250mm,EACH   [note: code length unusual — catalogue as printed],TOOLS & HARDWARE — WRENCHES & PLIERS,
208271,HANDLE FOR RASP FILE,EACH,TOOLS & HARDWARE — WRENCHES & PLIERS,
215410,150MM WRENCH ADJUSTABLE / SHIFTER,EACH,TOOLS & HARDWARE — WRENCHES & PLIERS,
215411,200MM WRENCH ADJUSTABLE / SHIFTER,EACH,TOOLS & HARDWARE — WRENCHES & PLIERS,
215412,300MM WRENCH ADJUSTABLE / SHIFTER,EACH,TOOLS & HARDWARE — WRENCHES & PLIERS,
216610,WRENCH FOOTPRINT 300MM,EACH,TOOLS & HARDWARE — WRENCHES & PLIERS,
112081,HACKSAW BLADE 300mm 24T,EACH,TOOLS & HARDWARE — HAMMERS / AXE / SAWS,
126201,COLD CHISEL 25mm x 25cm LONG,EACH,TOOLS & HARDWARE — HAMMERS / AXE / SAWS,
152551,MATTOCK HEAD,EACH,TOOLS & HARDWARE — HAMMERS / AXE / SAWS,
158101,SLEDGEHAMMER 14lb,EACH,TOOLS & HARDWARE — HAMMERS / AXE / SAWS,
158301,CLAW HAMMER,EACH,TOOLS & HARDWARE — HAMMERS / AXE / SAWS,
158501,CLUB HAMMER / LUMP HAMMER,EACH,TOOLS & HARDWARE — HAMMERS / AXE / SAWS,
158601,SLEDGEHAMMER 7lb,EACH,TOOLS & HARDWARE — HAMMERS / AXE / SAWS,
159601,MATTOCK HANDLE 900mm WOODEN,EACH,TOOLS & HARDWARE — HAMMERS / AXE / SAWS,
204101,HACKSAW FRAME COMPLETE WITH BLADE,EACH,TOOLS & HARDWARE — HAMMERS / AXE / SAWS,
204201,HAND SAW FOR TIMBER,EACH,TOOLS & HARDWARE — HAMMERS / AXE / SAWS,
206944,HAND SAW FOR PVC,EACH,TOOLS & HARDWARE — HAMMERS / AXE / SAWS,
207074,AXE,EACH,TOOLS & HARDWARE — HAMMERS / AXE / SAWS,
112001,STANLEY REPLACEMENT KNIFE BLADES,PKT,TOOLS & HARDWARE — KNIVES / SAWS / CUTTERS,
112545,STANLEY KNIFE,EACH,TOOLS & HARDWARE — KNIVES / SAWS / CUTTERS,
136251,POLLY PIPE CUTTERS,EACH,TOOLS & HARDWARE — KNIVES / SAWS / CUTTERS,
136252,SECATEURS / PRUNING SHEARS,EACH,TOOLS & HARDWARE — KNIVES / SAWS / CUTTERS,
136301,TINSNIPS STRAIGHT CUT 250mm,EACH,TOOLS & HARDWARE — KNIVES / SAWS / CUTTERS,
204403,PRUNING SAW 24CM 621,EACH,TOOLS & HARDWARE — KNIVES / SAWS / CUTTERS,
207374,630 PRUNING SAW 33cm,EACH,TOOLS & HARDWARE — KNIVES / SAWS / CUTTERS,
207570,BLADE REPLACEMENT SMALL FELCO SAW 621,EACH,TOOLS & HARDWARE — KNIVES / SAWS / CUTTERS,
207571,BLADE REPLACEMENT LARGE FELCO SAW 630,EACH,TOOLS & HARDWARE — KNIVES / SAWS / CUTTERS,
208108,SABRE SAW BLADE 305mm WOOD,PKT,TOOLS & HARDWARE — KNIVES / SAWS / CUTTERS,
208109,SABRE SAW BLADE 300mm METAL/PVC,PKT,TOOLS & HARDWARE — KNIVES / SAWS / CUTTERS,
208110,SABRE SAW BLADE 240mm GREEN WOOD 3TPI,PKT,TOOLS & HARDWARE — KNIVES / SAWS / CUTTERS,
136102,BOLT CUTTERS 90mm,EACH,TOOLS & HARDWARE — FASTENERS / GREASE,
160101,FLEXI HOSE FOR GREASE GUN 430mm,EACH,TOOLS & HARDWARE — FASTENERS / GREASE,
173201,GREASE GUN – TRIGGER TYPE FLEXI HOSE,EACH,TOOLS & HARDWARE — FASTENERS / GREASE,
179101,GREASE GUN COUPLER,EACH,TOOLS & HARDWARE — FASTENERS / GREASE,
207135,NUT & BOLT HEX GAL 75mm x 16mm,BOX,TOOLS & HARDWARE — FASTENERS / GREASE,
207136,NUT & BOLT HEX GAL 65mm x 16mm,BOX,TOOLS & HARDWARE — FASTENERS / GREASE,
207204,BOLT EXCALIBER M10 x 120mm,CTN,TOOLS & HARDWARE — FASTENERS / GREASE,
207205,DRIVE PIN GALVANISED 300mm SPLITTER (20 IN CTN),CTN,TOOLS & HARDWARE — FASTENERS / GREASE,
207226,GREASE CARTRIDGE 450gm,EACH,TOOLS & HARDWARE — FASTENERS / GREASE,
208285,WASHER GAL M16,BOX OF 200,TOOLS & HARDWARE — FASTENERS / GREASE,
118351,WIRE BRUSH 5 ROW,EACH,TOOLS & HARDWARE — DRILLING / DRIVING,
139242,MASONRY DRILL BIT HAMMER 13mm x 260mm,EACH,TOOLS & HARDWARE — DRILLING / DRIVING,
139243,MASONRY DRILL BIT HAMMER 12mm x 230mm,EACH,TOOLS & HARDWARE — DRILLING / DRIVING,
139245,MASONRY DRILL BIT HAMMER 10mm x 460mm,EACH,TOOLS & HARDWARE — DRILLING / DRIVING,
205110,SCREWDRIVER FLAT BLADE 150mm,EACH,TOOLS & HARDWARE — DRILLING / DRIVING,
205115,SCREWDRIVER FLAT BLADE 200mm,EACH,TOOLS & HARDWARE — DRILLING / DRIVING,
205220,SCREWDRIVER FLAT BLADE 250mm,EACH,TOOLS & HARDWARE — DRILLING / DRIVING,
205310,SCREWDRIVER PHILLIPS / STAR HEAD 150mm,EACH,TOOLS & HARDWARE — DRILLING / DRIVING,
101302,NO MORE NAILS / LIQUID NAILS,EACH,TOOLS & HARDWARE — MEASURING / SEALANT,
101303,SILICONE ROOF & GUTTER CLEAR 310g,EACH,TOOLS & HARDWARE — MEASURING / SEALANT,
165102,SPIRIT LEVEL 120CM,EACH,TOOLS & HARDWARE — MEASURING / SEALANT,
207003,SIKAFLEX PRO BLACK SAUSAGE / TUBE 600ml,EACH,TOOLS & HARDWARE — MEASURING / SEALANT,
207171,NOZZLE FOR SIKAFLEX TUBE (Pkt of 3),PKT,TOOLS & HARDWARE — MEASURING / SEALANT,
207345,CAULKING GUN FOR SIKAFLEX SAUSAGE,EACH,TOOLS & HARDWARE — MEASURING / SEALANT,
223411,TAPE MEASURE 5mt METRIC,EACH,TOOLS & HARDWARE — MEASURING / SEALANT,
223421,TAPE MEASURE 7.5mt METRIC,EACH,TOOLS & HARDWARE — MEASURING / SEALANT,
223431,TAPE MEASURE 10mt METRIC,EACH,TOOLS & HARDWARE — MEASURING / SEALANT,
223452,TAPE MEASURE 30mt,EACH,TOOLS & HARDWARE — MEASURING / SEALANT,
173301,CAULKING / SILICONE GUN,EACH,TOOLS & HARDWARE — GRINDING / PADLOCK / ADHESIVE,
174004,PADLOCK 4 PACK,EACH,TOOLS & HARDWARE — GRINDING / PADLOCK / ADHESIVE,
174005,PADLOCK,EACH,TOOLS & HARDWARE — GRINDING / PADLOCK / ADHESIVE,
207230,GRIPCRETE 1 LITRE DIGGERS SEALING AGENT,EACH,TOOLS & HARDWARE — GRINDING / PADLOCK / ADHESIVE,
207366,MEGAPOXY PM NATURAL 1LT,EACH,TOOLS & HARDWARE — GRINDING / PADLOCK / ADHESIVE,
207554,CUTTING DISC 125x1.6x22.23mm,PACK OF 10,TOOLS & HARDWARE — GRINDING / PADLOCK / ADHESIVE,
207555,DIAMOND BLADE DISC 125x2.1x22.23mm,EACH,TOOLS & HARDWARE — GRINDING / PADLOCK / ADHESIVE,
208017,FAN FLAP DISC 125 x 60 GRIT BLUE,EACH,TOOLS & HARDWARE — GRINDING / PADLOCK / ADHESIVE,
208018,FAN FLAP DISC 125 x 120 GRIT GP ZIR PSF BLU,EACH,TOOLS & HARDWARE — GRINDING / PADLOCK / ADHESIVE,
208150,DISC GRINDING METAL 125x6x22.23mm,EACH,TOOLS & HARDWARE — GRINDING / PADLOCK / ADHESIVE,
178101,CLOUT GALVANISED 25mm x 2.8mm (500g PKT),PKT,TOOLS & HARDWARE — WIRE / PEGS / NAILS,
201501,STRING LINE NYLON BUILDERS 100mm,EACH,TOOLS & HARDWARE — WIRE / PEGS / NAILS,
207102,TIE WIRE 1.60mm X 5kg ROLL,ROLL,TOOLS & HARDWARE — WIRE / PEGS / NAILS,
207187,GAL PINS DOWEL 12mm x 300mm (BUNDLE OF 50),BUNDLE,TOOLS & HARDWARE — WIRE / PEGS / NAILS,
207372,TIE WIRE 1.60mm X 5kg ROLL,EACH,TOOLS & HARDWARE — WIRE / PEGS / NAILS,
289301,TIE WIRE 1.60mm X 1kg ROLL,ROLL,TOOLS & HARDWARE — WIRE / PEGS / NAILS,
133051,CONCRETE EDGER,EACH,CONCRETE — SPACERS / TROWELS / MIX,
133251,FLOAT WOODEN HANDLE 112mm X 450mm,EACH,CONCRETE — SPACERS / TROWELS / MIX,
133651,"TROWEL POINTING SMALL 150mm / 6""",EACH,CONCRETE — SPACERS / TROWELS / MIX,
133801,TROWEL POINTED 405mm X 115mm,EACH,CONCRETE — SPACERS / TROWELS / MIX,
172451,RAPID SET CONCRETE 20kg BAG (EASY MIX),BAG (48/pallet),CONCRETE — SPACERS / TROWELS / MIX,
172452,CEMENT GENERAL PURPOSE 20kg BAG,BAG (48/pallet),CONCRETE — SPACERS / TROWELS / MIX,
172454,MORTA 20kg BAG (EASY MIX),BAG (48/pallet),CONCRETE — SPACERS / TROWELS / MIX,
183412,BAR CHAIRS PLASTIC 25-40 (bag of 100),BAG,CONCRETE — SPACERS / TROWELS / MIX,
183413,BAR CHAIRS PLASTIC 50-65 (bag of 100),BAG,CONCRETE — SPACERS / TROWELS / MIX,
183414,BAR CHAIRS PLASTIC 70-90 (bag of 100),BAG,CONCRETE — SPACERS / TROWELS / MIX,
207172,TILT PANEL SPACER PACKER 1mm BROWN,EACH,CONCRETE — SPACERS / TROWELS / MIX,
207173,TILT PANEL SPACER PACKER 2mm BLUE,EACH,CONCRETE — SPACERS / TROWELS / MIX,
207174,TILT PANEL SPACER PACKER 5mm YELLOW,EACH,CONCRETE — SPACERS / TROWELS / MIX,
207175,TILT PANEL SPACER PACKER 10mm BLACK,EACH,CONCRETE — SPACERS / TROWELS / MIX,
207176,TILT PANEL SPACER PACKER 20mm WHITE,EACH,CONCRETE — SPACERS / TROWELS / MIX,
207240,CONCRETE 20kg (EASY MIX),BAG (48/pallet),CONCRETE — SPACERS / TROWELS / MIX,
207367,QUICKSET RAPIDSET BONDALL SILASEC 4LT,EACH,CONCRETE — SPACERS / TROWELS / MIX,
208236,CONCRETE EASY MIX SUPER STRENGTH 55MPA,BAG (48/pallet),CONCRETE — SPACERS / TROWELS / MIX,
208258,FAST SET MORTA 5KG BAG,BAG,CONCRETE — SPACERS / TROWELS / MIX,
219102,F72 STEEL MESH CUT 1.2Mx2.4M,EACH,CONCRETE — SPACERS / TROWELS / MIX,
113512,RED PAVER CAUTIONAL 300X300C40,EACH,CONCRETE — PAVERS / BACKSTONES / SAND,
113513,SUNGOLD PAVER DIRECTIONAL 300X300X40,EACH,CONCRETE — PAVERS / BACKSTONES / SAND,
113601,COMMON HOUSE BRICKS,EACH,CONCRETE — PAVERS / BACKSTONES / SAND,
207177,TIMBER PEGS HARDWOOD,BUNDLE (25/bundle),CONCRETE — PAVERS / BACKSTONES / SAND,
207251,KITTY LITTER / SPILL ABSORBENT 15kg/22L,BAG,CONCRETE — PAVERS / BACKSTONES / SAND,
207252,EZ STREET COLD ASPHALT 20kg,BAG (48/pallet),CONCRETE — PAVERS / BACKSTONES / SAND,
208514,PAVER SAND 20kg,BAG (56/pallet),CONCRETE — PAVERS / BACKSTONES / SAND,
218301,CONCRETE BACKSTONE 1.22m,EACH,CONCRETE — PAVERS / BACKSTONES / SAND,
218401,CONCRETE BACKSTONE 2.13m,EACH,CONCRETE — PAVERS / BACKSTONES / SAND,
218501,CONCRETE BACKSTONE 3.20m,EACH,CONCRETE — PAVERS / BACKSTONES / SAND,
152201,CROWBAR LIGHT,EACH,DIGGING / HANDLING,
152952,"LITTER PICKER 32"" EASY REACH",EACH,DIGGING / HANDLING,
206905,SHOVEL POST DEEP HOLE STRAIGHT,EACH,DIGGING / HANDLING,
206906,SHOVEL POST DEEP HOLE ANGLED,EACH,DIGGING / HANDLING,
207075,WHEELBARROW STEEL TRAY 100LT,EACH,DIGGING / HANDLING,
208510,CAMPING SHOVEL GREEN 630mm,EACH,DIGGING / HANDLING,
209202,SHOVEL SQUARE MOUTH WHITE,EACH,DIGGING / HANDLING,
206831,STAR PICKET CAP YELLOW,PKT (40/pkt),PICKETS / SILT FENCE / SITE CONTROL,
206835,VISQUEEN BLACK PLASTIC 50mx2m,ROLL,PICKETS / SILT FENCE / SITE CONTROL,
207089,COIR LOGS 1.5Mx200MM (COCO LOGS),EACH,PICKETS / SILT FENCE / SITE CONTROL,
207100,ORANGE FLAG ON A ROPE (30m),EACH,PICKETS / SILT FENCE / SITE CONTROL,
207126,SILT FENCE GREEN 860mm x 100mt,EACH,PICKETS / SILT FENCE / SITE CONTROL,
208403,STAR PICKET BLACK 180cm (BUNDLE OF 5),BUNDLE,PICKETS / SILT FENCE / SITE CONTROL,
208404,STAR PICKET BLACK 135cm (BUNDLE OF 5),BUNDLE,PICKETS / SILT FENCE / SITE CONTROL,
208409,GALVANISED STAR PICKET 135cm (BUNDLE OF 5),BUNDLE,PICKETS / SILT FENCE / SITE CONTROL,
208436,STAR PICKET NON-CONDUCTIVE 1650mm,EACH,PICKETS / SILT FENCE / SITE CONTROL,
279851,SITE BARRIER MESH H/DUTY 900mm X 30m,EACH,PICKETS / SILT FENCE / SITE CONTROL,
155302,INSERTION RUBBER 3.2mmX1.2m WIDE,METRE,TIMBER / PLY,
175110,TIMBER SLEEPER HARDWOOD 200mmX75mmX2400mm,EACH,TIMBER / PLY,
190501,PLY FORM BLACK 12mm – 2.4m X 1.2m,SHEET,TIMBER / PLY,
190502,PLY STRUCTURAL LIGHT BROWN 12mm – 2.4Mx1.2M,SHEET,TIMBER / PLY,
190601,PLY FORM BLACK 17.5mm – 2.4m X 1.2m,SHEET,TIMBER / PLY,
193201,TIMBER HYDRANT POST 125mmX50mmX1.2m,EACH,TIMBER / PLY,
207256,TIMBER LAMI SMARTEDGE 100mm x 36mm x 6m,LENGTH,TIMBER / PLY,
207258,TIMBER PINE BOXING 90mmX35mmX6m,LENGTH,TIMBER / PLY,
207259,TIMBER LAMI EDGEFORM 100mm x 16mm x 6m,LENGTH,TIMBER / PLY,
207260,TIMBER LAMI EDGEFORM 150mm x 36mm x 6m,LENGTH,TIMBER / PLY,
207261,TIMBER LAMI EDGEFORM 150mm x 16mm x 6m,LENGTH,TIMBER / PLY,
113503,BIKE GULLY GRATE 900x600 CLASS D,EACH,PARKS / DRAINAGE INFRASTRUCTURE,
193302,LOCKING RAIL & POST 4m X 65NB,EACH,PARKS / DRAINAGE INFRASTRUCTURE,
193510,PARKS LOCKING POST WITH FLANGE,EACH,PARKS / DRAINAGE INFRASTRUCTURE,
207068,LITTER BIN SQUARE (SUIT BIRD FLAP),EACH,PARKS / DRAINAGE INFRASTRUCTURE,
207162,GEOCOMPOSITE GRID 40/40KN/M 4.75Mx100M,ROLL,PARKS / DRAINAGE INFRASTRUCTURE,
207239,GEOFABRIC FILTER WRAP 2m x 50m (BIDIM),ROLL,PARKS / DRAINAGE INFRASTRUCTURE,
207989,AGGIE PIPE 100mmX100mt SN8 CL1000 W/SOCK,ROLL,PARKS / DRAINAGE INFRASTRUCTURE,
208435,TIMBER PINE BOLLARD 150mm X 1.5mt DOMED,EACH,PARKS / DRAINAGE INFRASTRUCTURE,
207191,SANDBAGS 760X455 LOGO,BUNDLE (200/bundle),ROAD MARKERS / PAVEMENT / PIPE,
207228,MANHOLE SEALANT 3.6 METRE COIL,EACH,ROAD MARKERS / PAVEMENT / PIPE,
207234,ONE WAY PAVEMENT MARKER YELLOW,EACH (100/box),ROAD MARKERS / PAVEMENT / PIPE,
207235,ONE WAY PAVEMENT MARKER RED,EACH (100/box),ROAD MARKERS / PAVEMENT / PIPE,
207236,TWO WAY PAVEMENT MARKER YELLOW,EACH (100/box),ROAD MARKERS / PAVEMENT / PIPE,
207341,MARKER TAR PADS ADHESIVE FOR CATS EYES,CTN,ROAD MARKERS / PAVEMENT / PIPE,
207362,AGGIE PIPE Y JUNCTION 100mm,EACH,ROAD MARKERS / PAVEMENT / PIPE,
207363,AGGIE PIPE JOINER 100mm,EACH,ROAD MARKERS / PAVEMENT / PIPE,
101551,PVC GLUE CEMENT 500ML BLUE TYPE N,EACH,LUBRICANTS / GLUES / GRAFFITI REMOVER,
167102,ANTI-SEIZE THREAD EZE (LOCTITE),EACH,LUBRICANTS / GLUES / GRAFFITI REMOVER,
207215,LANOLIN GREASE 1LT / PETROLEUM JELLY,EACH,LUBRICANTS / GLUES / GRAFFITI REMOVER,
207216,DUCTILE PIPE LUBRICANT 500G BACTERICIDAL,EACH,LUBRICANTS / GLUES / GRAFFITI REMOVER,
207217,METHYLATED SPIRITS 1 LITRE BOTTLE,EACH,LUBRICANTS / GLUES / GRAFFITI REMOVER,
208213,PVC CLEANING FLUID / PRIMER 500ML CLEAR,EACH,LUBRICANTS / GLUES / GRAFFITI REMOVER,
208228,DENSO TAPE 150mm X 10mt ROLL,EACH,LUBRICANTS / GLUES / GRAFFITI REMOVER,
208233,ANTI-SEIZE NICKLE (LOCTITE),EACH,LUBRICANTS / GLUES / GRAFFITI REMOVER,
208248,TRICLEANIUM GRAFFITI REMOVER 750ml,EACH,LUBRICANTS / GLUES / GRAFFITI REMOVER,
279312,GRAFFITI REMOVER 500ml TRIGGER,EACH,LUBRICANTS / GLUES / GRAFFITI REMOVER,
182796,MOMAR MOLEY DRY FILM LUBRICANT 400g,EACH,LUBRICANT SPRAYS / TRIMMER CORD,
207040,TRIMMER CORD GREEN 3.3mm,EACH,LUBRICANT SPRAYS / TRIMMER CORD,
207111,LUBRICANT SPRAY (CRC/INOX/WD40),EACH,LUBRICANT SPRAYS / TRIMMER CORD,
207124,TRIMMER CORD ORANGE 2.7MM,EACH,LUBRICANT SPRAYS / TRIMMER CORD,
207501,BUTYL TAPE PRIMER 1LT,EACH,LUBRICANT SPRAYS / TRIMMER CORD,
279308,HEAVY DUTY DEGREASER 400g,EACH,LUBRICANT SPRAYS / TRIMMER CORD,
279319,LANOLIN LUBRICANT SPRAY H/D 300g,EACH,LUBRICANT SPRAYS / TRIMMER CORD,
279339,SILICONE SPRAY,EACH,LUBRICANT SPRAYS / TRIMMER CORD,
123302,FUEL CONTAINER 10LT PLASTIC,EACH,FUEL / 2-STROKE / CHAINSAW OIL,
167103,EXPANDING FOAM 500ml Can,EACH,FUEL / 2-STROKE / CHAINSAW OIL,
192454,OIL – BAR & CUTTER LUBE 1LT SYNTHPLUS,EACH,FUEL / 2-STROKE / CHAINSAW OIL,
206801,FUEL CONTAINER 20LT PLASTIC,EACH,FUEL / 2-STROKE / CHAINSAW OIL,
207178,2 STROKE FUEL CONTAINER ID TAGS,EACH,FUEL / 2-STROKE / CHAINSAW OIL,
207179,UNLEADED FUEL CONTAINER ID TAGS,EACH,FUEL / 2-STROKE / CHAINSAW OIL,
207180,DIESEL FUEL CONTAINER ID TAGS,EACH,FUEL / 2-STROKE / CHAINSAW OIL,
207221,TWO-STROKE OIL HP SUPER 5L,EACH,FUEL / 2-STROKE / CHAINSAW OIL,
208118,LOXEAL 58-11 (PERMABOND) 100ML,EACH,FUEL / 2-STROKE / CHAINSAW OIL,
208509,OIL – BAR & CUTTER LUBE 5LT SYNTHPLUS,EACH,FUEL / 2-STROKE / CHAINSAW OIL,
279335,FREEZE & RELEASE LUBRICANT 310g,EACH,FUEL / 2-STROKE / CHAINSAW OIL,
160302,GARDEN HOSE CONNECTOR BRASS 12mm,EACH,GARDEN HOSE,
160304,GARDEN HOSE COUPLER 12mm 2-END,EACH,GARDEN HOSE,
162511,GARDEN HOSE JOINER BRASS 12MM,EACH,GARDEN HOSE,
200501,"GARDEN HOSE TAP ADAPTOR BRASS 3/4""",EACH,GARDEN HOSE,
200502,"GARDEN HOSE TAP ADAPTOR BRASS 1""",EACH,GARDEN HOSE,
207116,HOSE GARDEN 12mm X 20mt ROLL,EACH,GARDEN HOSE,
207224,GARDEN HOSE KIT 12mm,EACH,GARDEN HOSE,
207677,GARDEN HOSE NOZZLE 12mm,EACH,GARDEN HOSE,
207390,R1-1B STOP SIGN,EACH,ROADS & SIGNS — HAZARD / REGULATORY,
207392,R1-2B GIVE WAY SIGN,EACH,ROADS & SIGNS — HAZARD / REGULATORY,
207393,R1-3B ROUNDABOUT,EACH,ROADS & SIGNS — HAZARD / REGULATORY,
207409,R2-3A KEEP LEFT,EACH,ROADS & SIGNS — HAZARD / REGULATORY,
207410,D4-1-1A UNI-DIR HAZARD MARKER,EACH,ROADS & SIGNS — HAZARD / REGULATORY,
207411,TC9265 KEEP LEFT – NARROW,EACH,ROADS & SIGNS — HAZARD / REGULATORY,
207412,D4-1-2A UNI-DIR HAZARD MARKER,EACH,ROADS & SIGNS — HAZARD / REGULATORY,
207413,R2-4B NO ENTRY,EACH,ROADS & SIGNS — HAZARD / REGULATORY,
207414,D4-2-2A 2 WAY DIR HAZARD MARKER,EACH,ROADS & SIGNS — HAZARD / REGULATORY,
207415,R2-5B NO U-TURN,EACH,ROADS & SIGNS — HAZARD / REGULATORY,
207418,R2-6B RIGHT NO RIGHT TURN,EACH,ROADS & SIGNS — HAZARD / REGULATORY,
207419,D4-6B CHEVRON ALIGNMENT MARKER,EACH,ROADS & SIGNS — HAZARD / REGULATORY,
207420,R2-6B LEFT NO LEFT TURN,EACH,ROADS & SIGNS — HAZARD / REGULATORY,
207423,R3-1B PEDESTRIAN CROSSING,EACH,ROADS & SIGNS — HAZARD / REGULATORY,
207424,R4-1B 60KM SPEED RESTRICTION,EACH,ROADS & SIGNS — HAZARD / REGULATORY,
207425,R4-1B 70KM SPEED RESTRICTION,EACH,ROADS & SIGNS — HAZARD / REGULATORY,
207426,R4-1B 80KM SPEED RESTRICTION,EACH,ROADS & SIGNS — HAZARD / REGULATORY,
207427,R4-Q01A SCHOOL ZONE TARGET BOARD,EACH,ROADS & SIGNS — HAZARD / REGULATORY,
207437,R5-20 LEFT BUS ZONE LEFT ARROW,EACH,ROADS & SIGNS — HAZARD / REGULATORY,
207439,R5-20 RIGHT BUS ZONE RIGHT ARROW,EACH,ROADS & SIGNS — HAZARD / REGULATORY,
207444,R5-35 LEFT NO STOP ANYTIME LEFT,EACH,ROADS & SIGNS — HAZARD / REGULATORY,
207445,R5-35 RIGHT NO STOP ANYTIME RIGHT,EACH,ROADS & SIGNS — HAZARD / REGULATORY,
207446,R5-35 DOUBLE NO STOP ANYTIME DOUBLE,EACH,ROADS & SIGNS — HAZARD / REGULATORY,
207452,D4-2-3A BIDIRECTIONAL HAZARD MARKER,EACH,ROADS & SIGNS — HAZARD / REGULATORY,
207453,D4-5 OBSTRUCTION MARKER,EACH,ROADS & SIGNS — HAZARD / REGULATORY,
207454,G9-18B NO THROUGH ROAD,EACH,ROADS & SIGNS — HAZARD / REGULATORY,
207382,W1-1B TURN RIGHT ARROW,EACH,ROADS & SIGNS — WARNING,
207383,W1-1B TURN RIGHT ARROW,EACH   [note: catalogue lists both 207382 and 207383 with same description — verify with Stores],ROADS & SIGNS — WARNING,
207386,W1-3B LEFT CURVE LEFT,EACH,ROADS & SIGNS — WARNING,
207387,W1-3B RIGHT CURVE RIGHT,EACH,ROADS & SIGNS — WARNING,
207388,W1-4B LEFT REVERSE CURVE LEFT,EACH,ROADS & SIGNS — WARNING,
207389,W1-4B RIGHT REVERSE CURVE RIGHT,EACH,ROADS & SIGNS — WARNING,
207391,W2-3B T JUNCTION,EACH,ROADS & SIGNS — WARNING,
207394,W2-4B LEFT SIDE ROAD JUNCTION LEFT,EACH,ROADS & SIGNS — WARNING,
207396,W2-4B RIGHT SIDE ROAD JUNCTION RIGHT,EACH,ROADS & SIGNS — WARNING,
207397,W2-7B ROUNDABOUT AHEAD,EACH,ROADS & SIGNS — WARNING,
207399,W3-2B GIVE WAY SIGN AHEAD,EACH,ROADS & SIGNS — WARNING,
207400,W3-4B ROAD HUMPS AHEAD,EACH,ROADS & SIGNS — WARNING,
207401,W5-7-1B FLOODWAY,EACH,ROADS & SIGNS — WARNING,
207402,W5-11B CREST,EACH,ROADS & SIGNS — WARNING,
207403,W5-18B ROAD ENDS,EACH,ROADS & SIGNS — WARNING,
207405,W5-10B ROAD HUMP,EACH,ROADS & SIGNS — WARNING,
207406,W5-29B KANGAROOS,EACH,ROADS & SIGNS — WARNING,
207428,W6-1B FATHER / DAUGHTER,EACH,ROADS & SIGNS — WARNING,
207429,W6-2B PED-XING AHEAD,EACH,ROADS & SIGNS — WARNING,
207431,W6-3B MOTHER & SON,EACH,ROADS & SIGNS — WARNING,
207434,W8-2B 20KM/H,EACH,ROADS & SIGNS — WARNING,
207436,W8-2B 40KM/H,EACH,ROADS & SIGNS — WARNING,
207438,W8-2B 60KM/H,EACH,ROADS & SIGNS — WARNING,
207440,W8-2B 70KM/H,EACH,ROADS & SIGNS — WARNING,
207447,W8-25B REFUGE ISLAND,EACH,ROADS & SIGNS — WARNING,
207455,W8-22B CROSSING AHEAD,EACH,ROADS & SIGNS — WARNING,
207192,RUMBLE BAR 300mm YELLOW,PKT (2 UNITS),ROADS & SIGNS — RUMBLE BARS / FIXINGS,
207193,RUMBLE BAR 600mm YELLOW,PKT (4 UNITS),ROADS & SIGNS — RUMBLE BARS / FIXINGS,
207381,CARRIAGE GALVANISED BOLT M10 x 40mm,BOX (150),ROADS & SIGNS — RUMBLE BARS / FIXINGS,
124301,GALVANISED POST CAP,EACH (100/box),ROADS & SIGNS — POSTS / BRACKETS / ACCESSORIES,
139155,WEDGES / GOLF STICKS,EACH (100/box),ROADS & SIGNS — POSTS / BRACKETS / ACCESSORIES,
145007,TD4 SIGN BRACKET – DOUBLE FOR 50MM,EACH (100/box),ROADS & SIGNS — POSTS / BRACKETS / ACCESSORIES,
145008,TD3 SIGN BRACKET – SINGLE 50MM,EACH (100/box),ROADS & SIGNS — POSTS / BRACKETS / ACCESSORIES,
193301,GALVANISED POST 50mm X 4.4M,EACH (37/bundle),ROADS & SIGNS — POSTS / BRACKETS / ACCESSORIES,
193606,SPIKE FOR FLEXI GUIDEPOST,EACH,ROADS & SIGNS — POSTS / BRACKETS / ACCESSORIES,
193608,GUIDEPOST WHITE PLASTIC FLEXI,EACH,ROADS & SIGNS — POSTS / BRACKETS / ACCESSORIES,
207067,LITTER BIN BIRD FLAP (with gal insert),EACH,ROADS & SIGNS — POSTS / BRACKETS / ACCESSORIES,
207449,STREET NAME PLATE BRACKET 200MM,EACH (25/box),ROADS & SIGNS — POSTS / BRACKETS / ACCESSORIES,
207450,SADDLE BRACKET FOR BRACED SIGNS,EACH (100/box),ROADS & SIGNS — POSTS / BRACKETS / ACCESSORIES,
208440,BOLT ANTI THEFT M10 X 20mm,BOX OF 100,ROADS & SIGNS — ANTI-THEFT FIXINGS,
208441,BOLT ANTI THEFT M10 X 40mm,BOX OF 50,ROADS & SIGNS — ANTI-THEFT FIXINGS,
208442,NUT ANTI THEFT M10 – TUFFNUT ZY,BOX OF 50,ROADS & SIGNS — ANTI-THEFT FIXINGS,
208443,BASE PLATE BOLT DOWN / POST FLANGE,EACH,ROADS & SIGNS — ANTI-THEFT FIXINGS,
208444,POST WEDGE SLEEVE (GIBB KEYS),BOX OF 20,ROADS & SIGNS — ANTI-THEFT FIXINGS,
208445,WASHER FLAT M10 x 21 x 2.0mm HDG,BOX OF 100,ROADS & SIGNS — ANTI-THEFT FIXINGS,
208446,BRACKET PRESSED SINGLE METAL,BOX OF 40,ROADS & SIGNS — ANTI-THEFT FIXINGS,
139152,600mm GROUND ANCHOR SPIKE,EACH,ROADS & SIGNS — BOLLARDS / CONES / GAS,
139153,250mm GROUND ANCHOR SPIKE,EACH,ROADS & SIGNS — BOLLARDS / CONES / GAS,
139154,450mm GROUND ANCHOR SPIKE,EACH,ROADS & SIGNS — BOLLARDS / CONES / GAS,
172554,9KG GAS BOTTLE FULL – PURCHASE ONLY,EACH,ROADS & SIGNS — BOLLARDS / CONES / GAS,
172555,4.5KG GAS BOTTLE FULL – PURCHASE ONLY,EACH,ROADS & SIGNS — BOLLARDS / CONES / GAS,
172902,9KG SWAP AND GO GAS BOTTLE EXCHANGE,EACH,ROADS & SIGNS — BOLLARDS / CONES / GAS,
172903,4.5KG SWAP AND GO GAS BOTTLE EXCHANGE,EACH,ROADS & SIGNS — BOLLARDS / CONES / GAS,
207069,BASE FOR T TOP BOLLARD,EACH,ROADS & SIGNS — BOLLARDS / CONES / GAS,
207070,T TOP BOLLARD ORANGE 1150mm,EACH (10/box),ROADS & SIGNS — BOLLARDS / CONES / GAS,
210021,STOP SLOW TRAFFIC SIGN BAT 450mm,EACH,ROADS & SIGNS — BOLLARDS / CONES / GAS,
279802,TRAFFIC CONE CL1W 450 HIGH,EACH,ROADS & SIGNS — BOLLARDS / CONES / GAS,
172601,UBD STREET DIRECTORY BRISBANE,EACH,ROADS & SIGNS — SPLITTER ISLANDS / DIRECTORY,
218561,SPLITTER ISLAND END (with LOC SOCKET),EACH,ROADS & SIGNS — SPLITTER ISLANDS / DIRECTORY,
218563,SPLITTER ISLAND CENTRE (with LOC SOCKET),EACH,ROADS & SIGNS — SPLITTER ISLANDS / DIRECTORY,
102323,KERB ADAPTOR LAYBACK M1,EACH (8/box),KERB ADAPTORS,
102324,KERB ADAPTOR ROLLOVER M3,EACH (8/box),KERB ADAPTORS,
102330,KERB ADAPTOR BARRIER B2,EACH (8/box),KERB ADAPTORS,
207077,KERBMARKER S/STEEL 'SV' 38mm x 1.6mm,EACH,KERB ADAPTORS,
207078,KERBMARKER S/STEEL 'W' 38mm x 1.6mm,EACH,KERB ADAPTORS,
207079,KERBMARK S/STEEL 'V' 38mm x 1.6mm,EACH,KERB ADAPTORS,
207498,FLUSH KERB ADAPTOR ROLLOVER M3,EACH (8/box),KERB ADAPTORS,
208272,KERBMARKER S/STEEL 'E' 38mm x 1.6mm,EACH,KERB ADAPTORS,
208273,KERBMARKER S/STEEL 'T' 38mm x 1.6mm,EACH,KERB ADAPTORS,
208274,KERBMARKER S/STEEL 'G' 38mm x 1.6mm,EACH,KERB ADAPTORS,
208276,KERBMARKER S/STEEL 'E' 38mm x 1.6mm,"EACH   [note: see ""Known catalogue issues"" — 208276 collides with SPRING WATER]",KERB ADAPTORS,
196127,PONCHO HOODED,EACH,CLOTHING — RAINCOATS / VESTS / UMBRELLA,
196499,UMBRELLA BLACK RIB RAIN,EACH,CLOTHING — RAINCOATS / VESTS / UMBRELLA,
206988,RAINCOAT SMALL,EACH,CLOTHING — RAINCOATS / VESTS / UMBRELLA,
206989,RAINCOAT MEDIUM,EACH,CLOTHING — RAINCOATS / VESTS / UMBRELLA,
206990,RAINCOAT LARGE,EACH,CLOTHING — RAINCOATS / VESTS / UMBRELLA,
206991,RAINCOAT XL,EACH,CLOTHING — RAINCOATS / VESTS / UMBRELLA,
206992,RAINCOAT 2XL,EACH,CLOTHING — RAINCOATS / VESTS / UMBRELLA,
206994,RAINCOAT 4XL,EACH,CLOTHING — RAINCOATS / VESTS / UMBRELLA,
206995,RAINCOAT 5XL,EACH,CLOTHING — RAINCOATS / VESTS / UMBRELLA,
206996,SAFETY VEST SMALL,EACH,CLOTHING — RAINCOATS / VESTS / UMBRELLA,
206999,SAFETY VEST L/XL,EACH,CLOTHING — RAINCOATS / VESTS / UMBRELLA,
207054,RAINCOAT 3XL,EACH,CLOTHING — RAINCOATS / VESTS / UMBRELLA,
208249,SAFETY VEST 2XL/3XL,EACH,CLOTHING — RAINCOATS / VESTS / UMBRELLA,
208250,SAFETY VEST S/M,EACH,CLOTHING — RAINCOATS / VESTS / UMBRELLA,
208251,SAFETY VEST 4XL/5XL,EACH,CLOTHING — RAINCOATS / VESTS / UMBRELLA,
196284,HAT STRAW SMALL,EACH,HATS / BAGS,
196285,HAT STRAW MEDIUM,EACH,HATS / BAGS,
196286,HAT STRAW LARGE,EACH,HATS / BAGS,
196287,HAT STRAW XL,EACH,HATS / BAGS,
207052,SPORTS BAG,EACH,HATS / BAGS,
207512,ADAPTA CAP DELTA HAT,EACH,HATS / BAGS,
207621,HAT STRAW SMALL (alt range),EACH,HATS / BAGS,
207622,HAT STRAW MEDIUM (alt range),EACH,HATS / BAGS,
207623,HAT STRAW LARGE (alt range),EACH,HATS / BAGS,
208048,BEANIE HIGH VIS ONE SIZE FITS ALL,EACH,HATS / BAGS,
208104,HAT STRAW XL (alt range),EACH,HATS / BAGS,
173901,ENAMEL MUG,EACH,HYDRATION & COOLING,
174951,THERMOS FLASK 1.2L,EACH,HYDRATION & COOLING,
207076,COOLING NECK TIE,EACH,HYDRATION & COOLING,
207087,5 LITRE WATER BOTTLE,EACH,HYDRATION & COOLING,
207479,COOLING CHILL TOWEL,EACH,HYDRATION & COOLING,
207561,COOLING CAP ROYAL BLUE,EACH,HYDRATION & COOLING,
207562,2.5 LITRE WATER BOTTLE,EACH,HYDRATION & COOLING,
207563,COOLING SCARF ROYAL BLUE,EACH,HYDRATION & COOLING,
207572,12 LITRE WATER,EACH,HYDRATION & COOLING,
208152,10 LITRE WATER BOTTLE,EACH,HYDRATION & COOLING,
208214,HYDRATION BACKPACK COOLER,EACH,HYDRATION & COOLING,
208215,BACKPACK COOLER REPLACE BLADDER AND HOSE,EACH,HYDRATION & COOLING,
208220,ELECTROLYTE DRINK,EACH,HYDRATION & COOLING,
208276,SPRING WATER – 600ml,EACH (CARTON 24)   [note: duplicate code — see Known catalogue issues],HYDRATION & COOLING,
208477,BODY ARMOUR HYDRATE ICY POLES,PACK 12,HYDRATION & COOLING,
196341,NECKBAND EARMUFFS,EACH,SAFETY — EAR PROTECTION / ASBESTOS,
200602,ASBESTOS DISPOSABLE SUIT MEDIUM,EACH,SAFETY — EAR PROTECTION / ASBESTOS,
200603,ASBESTOS DISPOSABLE SUIT LARGE,EACH,SAFETY — EAR PROTECTION / ASBESTOS,
200604,ASBESTOS DISPOSABLE SUIT XL,EACH,SAFETY — EAR PROTECTION / ASBESTOS,
200605,ASBESTOS DISPOSABLE SUIT 2XL,EACH,SAFETY — EAR PROTECTION / ASBESTOS,
200606,ASBESTOS DISPOSABLE SUIT 3XL,EACH,SAFETY — EAR PROTECTION / ASBESTOS,
200607,ASBESTOS DISPOSABLE SUIT 4XL,EACH,SAFETY — EAR PROTECTION / ASBESTOS,
200650,ASBESTOS REMOVAL BAG (1200 x 900),EACH,SAFETY — EAR PROTECTION / ASBESTOS,
206832,FOAM SQUEEZE EAR PLUGS,EACH (100 earplugs/box),SAFETY — EAR PROTECTION / ASBESTOS,
206833,POD EAR PLUGS,EACH,SAFETY — EAR PROTECTION / ASBESTOS,
207195,ASBESTOS BOOT COVER,PKT,SAFETY — EAR PROTECTION / ASBESTOS,
207273,ASBESTOS DISPOSABLE SUIT 5XL,EACH,SAFETY — EAR PROTECTION / ASBESTOS,
207105,DUST MASK P2 – PKT 20 (Not for Covid),BOX,SAFETY — RESPIRATORS / FILTERS,
207352,ASBESTOS CARTRIDGE FOR FACE MASK P3SR510,EACH,SAFETY — RESPIRATORS / FILTERS,
207354,ASBESTOS FILTERS FOR FACE MASK (PKT 5),EACH,SAFETY — RESPIRATORS / FILTERS,
207355,ASBESTOS FACE MASK KIT M/L,EACH,SAFETY — RESPIRATORS / FILTERS,
207461,CARTRIDGE TO SUIT 1/2 MASK MEDIUM 70030M,EACH,SAFETY — RESPIRATORS / FILTERS,
207515,ASBESTOS FACE MASK KIT L/XL,EACH,SAFETY — RESPIRATORS / FILTERS,
207564,ASBESTOS FACE MASK KIT SMALL,EACH,SAFETY — RESPIRATORS / FILTERS,
196303,FACE SHIELD WITH CLEAR VISOR,EACH,SAFETY — EYEWEAR / FACE SHIELD,
196422,SAFETY GOGGLES TINTED TRACKER GLASSES,PAIR,SAFETY — EYEWEAR / FACE SHIELD,
196424,SAFETY GLASSES CLEAR,PAIR,SAFETY — EYEWEAR / FACE SHIELD,
196425,SAFETY GLASSES SMOKE TINTED – RICHTER,PAIR,SAFETY — EYEWEAR / FACE SHIELD,
207194,LENS CLEANER TOWELETTE PKT 100,BOX,SAFETY — EYEWEAR / FACE SHIELD,
208105,SAFETY GLASSES SMOKE TINTED BLACK ARMS,PAIR,SAFETY — EYEWEAR / FACE SHIELD,
208502,YELLOW TINTED SAFETY GLASSES,PAIR,SAFETY — EYEWEAR / FACE SHIELD,
196300,VISOR MESH FOR HARD HAT,EACH,SAFETY — HARD HATS / ACCESSORIES,
196301,WHITE HARD HAT HELMET,EACH,SAFETY — HARD HATS / ACCESSORIES,
196304,VISOR CLEAR FOR HARD HAT,EACH,SAFETY — HARD HATS / ACCESSORIES,
196305,VISOR CAP ATTACHMENT FOR HARD HAT,EACH,SAFETY — HARD HATS / ACCESSORIES,
196343,EARMUFFS CAP ATTACHMENT FOR HARD HAT,EACH,SAFETY — HARD HATS / ACCESSORIES,
196381,SHADE BRIM FOR HARD HAT,EACH,SAFETY — HARD HATS / ACCESSORIES,
207491,CHIN STRAP FOR HARD HAT HELMET,EACH,SAFETY — HARD HATS / ACCESSORIES,
208151,WHITE HARD HAT BROAD BRIM HELMET,EACH,SAFETY — HARD HATS / ACCESSORIES,
208252,SWEAT BAND FOR HARD HAT (5 PACK),PACK,SAFETY — HARD HATS / ACCESSORIES,
196162,DISHWASH RUBBER GLOVES,PAIR,GLOVES — CHEMICAL / RUBBER / DISPOSABLE,
196201,PVC 45cm CHEMICAL GLOVES,PAIR,GLOVES — CHEMICAL / RUBBER / DISPOSABLE,
207107,CHEMICAL RESISTANT POWDER & LATEX FREE GLOVES LARGE,BOX,GLOVES — CHEMICAL / RUBBER / DISPOSABLE,
207108,CHEMICAL RESISTANT POWDER & LATEX FREE GLOVES XL,BOX,GLOVES — CHEMICAL / RUBBER / DISPOSABLE,
208166,XL LATEX EXTRA TOUGH GLOVES,BOX,GLOVES — CHEMICAL / RUBBER / DISPOSABLE,
208511,BLACK ROCKET NITRILE GLOVES LARGE,PAIR,GLOVES — CHEMICAL / RUBBER / DISPOSABLE,
208512,BLACK ROCKET NITRILE GLOVES XL,PAIR,GLOVES — CHEMICAL / RUBBER / DISPOSABLE,
196191,RIGGERS LEATHER GLOVES XL,PAIR,GLOVES — FLEXI / RIGGERS / CUT-RESISTANT,
196193,FLEXI GLOVES LARGE,PAIR,GLOVES — FLEXI / RIGGERS / CUT-RESISTANT,
196194,FLEXI GLOVES XL,PAIR,GLOVES — FLEXI / RIGGERS / CUT-RESISTANT,
196195,FLEXI GLOVES 2XL,PAIR,GLOVES — FLEXI / RIGGERS / CUT-RESISTANT,
207038,GLOVE BELT CLIP PLASTIC,EACH,GLOVES — FLEXI / RIGGERS / CUT-RESISTANT,
207351,RIGGERS LEATHER GLOVES 2XL,PAIR,GLOVES — FLEXI / RIGGERS / CUT-RESISTANT,
207566,RIGGERS LEATHER GLOVES LARGE,PAIR,GLOVES — FLEXI / RIGGERS / CUT-RESISTANT,
208115,FLEXI GLOVES MEDIUM,PAIR,GLOVES — FLEXI / RIGGERS / CUT-RESISTANT,
208254,RIGGERS LEATHER GLOVES MEDIUM,PAIR,GLOVES — FLEXI / RIGGERS / CUT-RESISTANT,
208260,CUT RESISTANT GLOVES STANDARD MEDIUM,PAIR,GLOVES — FLEXI / RIGGERS / CUT-RESISTANT,
208261,CUT RESISTANT GLOVES STANDARD LARGE,PAIR,GLOVES — FLEXI / RIGGERS / CUT-RESISTANT,
208262,CUT RESISTANT GLOVES STANDARD XL,PAIR,GLOVES — FLEXI / RIGGERS / CUT-RESISTANT,
208263,CUT RESISTANT GLOVES STANDARD 2XL,PAIR,GLOVES — FLEXI / RIGGERS / CUT-RESISTANT,
208264,CUT RESISTANT GLOVES WATERPROOF MEDIUM,PAIR,GLOVES — FLEXI / RIGGERS / CUT-RESISTANT,
208265,CUT RESISTANT GLOVES WATERPROOF LARGE,PAIR,GLOVES — FLEXI / RIGGERS / CUT-RESISTANT,
208266,CUT RESISTANT GLOVES WATERPROOF XL,PAIR,GLOVES — FLEXI / RIGGERS / CUT-RESISTANT,
208267,CUT RESISTANT GLOVES WATERPROOF 2XL,PAIR,GLOVES — FLEXI / RIGGERS / CUT-RESISTANT,
208484,FLEXI GLOVES SMALL,PAIR,GLOVES — FLEXI / RIGGERS / CUT-RESISTANT,
208485,FLEXI GLOVES X-SMALL,PAIR,GLOVES — FLEXI / RIGGERS / CUT-RESISTANT,
207980,MONGREL 461050 WHEAT UK4,PAIR,SAFETY FOOTWEAR — MONGREL 461050 WHEAT (lace-up hi-ankle zip),
207674,MONGREL 461050 WHEAT UK5,PAIR,SAFETY FOOTWEAR — MONGREL 461050 WHEAT (lace-up hi-ankle zip),
207675,MONGREL 461050 WHEAT UK6,PAIR,SAFETY FOOTWEAR — MONGREL 461050 WHEAT (lace-up hi-ankle zip),
208209,MONGREL 461050 WHEAT UK6.5,PAIR,SAFETY FOOTWEAR — MONGREL 461050 WHEAT (lace-up hi-ankle zip),
206851,MONGREL 461050 WHEAT UK7,PAIR,SAFETY FOOTWEAR — MONGREL 461050 WHEAT (lace-up hi-ankle zip),
207308,MONGREL 461050 WHEAT UK7.5,PAIR,SAFETY FOOTWEAR — MONGREL 461050 WHEAT (lace-up hi-ankle zip),
206852,MONGREL 461050 WHEAT UK8,PAIR,SAFETY FOOTWEAR — MONGREL 461050 WHEAT (lace-up hi-ankle zip),
207309,MONGREL 461050 WHEAT UK8.5,PAIR,SAFETY FOOTWEAR — MONGREL 461050 WHEAT (lace-up hi-ankle zip),
206853,MONGREL 461050 WHEAT UK9,PAIR,SAFETY FOOTWEAR — MONGREL 461050 WHEAT (lace-up hi-ankle zip),
207310,MONGREL 461050 WHEAT UK9.5,PAIR,SAFETY FOOTWEAR — MONGREL 461050 WHEAT (lace-up hi-ankle zip),
206854,MONGREL 461050 WHEAT UK10,PAIR,SAFETY FOOTWEAR — MONGREL 461050 WHEAT (lace-up hi-ankle zip),
207311,MONGREL 461050 WHEAT UK10.5,PAIR,SAFETY FOOTWEAR — MONGREL 461050 WHEAT (lace-up hi-ankle zip),
206855,MONGREL 461050 WHEAT UK11,PAIR,SAFETY FOOTWEAR — MONGREL 461050 WHEAT (lace-up hi-ankle zip),
206856,MONGREL 461050 WHEAT UK12,PAIR,SAFETY FOOTWEAR — MONGREL 461050 WHEAT (lace-up hi-ankle zip),
207312,MONGREL 461050 WHEAT UK13,PAIR,SAFETY FOOTWEAR — MONGREL 461050 WHEAT (lace-up hi-ankle zip),
207313,MONGREL 461050 WHEAT UK14,PAIR,SAFETY FOOTWEAR — MONGREL 461050 WHEAT (lace-up hi-ankle zip),
208011,MONGREL 461020 BLACK UK5,PAIR,SAFETY FOOTWEAR — MONGREL 461050 WHEAT (lace-up hi-ankle zip),Y
207984,MONGREL 461020 BLACK UK6,PAIR,SAFETY FOOTWEAR — MONGREL 461050 WHEAT (lace-up hi-ankle zip),Y
206863,MONGREL 461020 BLACK UK7,PAIR,SAFETY FOOTWEAR — MONGREL 461050 WHEAT (lace-up hi-ankle zip),
207314,MONGREL 461020 BLACK UK7.5,PAIR,SAFETY FOOTWEAR — MONGREL 461050 WHEAT (lace-up hi-ankle zip),
206864,MONGREL 461020 BLACK UK8,PAIR,SAFETY FOOTWEAR — MONGREL 461050 WHEAT (lace-up hi-ankle zip),
207315,MONGREL 461020 BLACK UK8.5,PAIR,SAFETY FOOTWEAR — MONGREL 461050 WHEAT (lace-up hi-ankle zip),
206865,MONGREL 461020 BLACK UK9,PAIR,SAFETY FOOTWEAR — MONGREL 461050 WHEAT (lace-up hi-ankle zip),
207316,MONGREL 461020 BLACK UK9.5,PAIR,SAFETY FOOTWEAR — MONGREL 461050 WHEAT (lace-up hi-ankle zip),
206866,MONGREL 461020 BLACK UK10,PAIR,SAFETY FOOTWEAR — MONGREL 461050 WHEAT (lace-up hi-ankle zip),
207317,MONGREL 461020 BLACK UK10.5,PAIR,SAFETY FOOTWEAR — MONGREL 461050 WHEAT (lace-up hi-ankle zip),
206867,MONGREL 461020 BLACK UK11,PAIR,SAFETY FOOTWEAR — MONGREL 461050 WHEAT (lace-up hi-ankle zip),
206868,MONGREL 461020 BLACK UK12,PAIR,SAFETY FOOTWEAR — MONGREL 461050 WHEAT (lace-up hi-ankle zip),
207318,MONGREL 461020 BLACK UK13,PAIR,SAFETY FOOTWEAR — MONGREL 461050 WHEAT (lace-up hi-ankle zip),
207319,MONGREL 461020 BLACK UK14,PAIR,SAFETY FOOTWEAR — MONGREL 461050 WHEAT (lace-up hi-ankle zip),Y
208087,OLIVER 55-385 WHEAT HI-ANKLE UK5,PAIR,SAFETY FOOTWEAR — OLIVER WHEAT HIGH ANKLE ZIP 55-385,
208088,OLIVER 55-385 WHEAT HI-ANKLE UK6,PAIR,SAFETY FOOTWEAR — OLIVER WHEAT HIGH ANKLE ZIP 55-385,
208089,OLIVER 55-385 WHEAT HI-ANKLE UK6.5,PAIR,SAFETY FOOTWEAR — OLIVER WHEAT HIGH ANKLE ZIP 55-385,
208090,OLIVER 55-385 WHEAT HI-ANKLE UK7,PAIR,SAFETY FOOTWEAR — OLIVER WHEAT HIGH ANKLE ZIP 55-385,
208091,OLIVER 55-385 WHEAT HI-ANKLE UK7.5,PAIR,SAFETY FOOTWEAR — OLIVER WHEAT HIGH ANKLE ZIP 55-385,
208092,OLIVER 55-385 WHEAT HI-ANKLE UK8,PAIR,SAFETY FOOTWEAR — OLIVER WHEAT HIGH ANKLE ZIP 55-385,
208093,OLIVER 55-385 WHEAT HI-ANKLE UK8.5,PAIR,SAFETY FOOTWEAR — OLIVER WHEAT HIGH ANKLE ZIP 55-385,
208094,OLIVER 55-385 WHEAT HI-ANKLE UK9,PAIR,SAFETY FOOTWEAR — OLIVER WHEAT HIGH ANKLE ZIP 55-385,
208095,OLIVER 55-385 WHEAT HI-ANKLE UK9.5,PAIR,SAFETY FOOTWEAR — OLIVER WHEAT HIGH ANKLE ZIP 55-385,
208096,OLIVER 55-385 WHEAT HI-ANKLE UK10,PAIR,SAFETY FOOTWEAR — OLIVER WHEAT HIGH ANKLE ZIP 55-385,
208097,OLIVER 55-385 WHEAT HI-ANKLE UK10.5,PAIR,SAFETY FOOTWEAR — OLIVER WHEAT HIGH ANKLE ZIP 55-385,
208098,OLIVER 55-385 WHEAT HI-ANKLE UK11,PAIR,SAFETY FOOTWEAR — OLIVER WHEAT HIGH ANKLE ZIP 55-385,
208099,OLIVER 55-385 WHEAT HI-ANKLE UK11.5,PAIR,SAFETY FOOTWEAR — OLIVER WHEAT HIGH ANKLE ZIP 55-385,
208100,OLIVER 55-385 WHEAT HI-ANKLE UK12,PAIR,SAFETY FOOTWEAR — OLIVER WHEAT HIGH ANKLE ZIP 55-385,
208086,OLIVER 55-385 WHEAT HI-ANKLE UK12.5,PAIR,SAFETY FOOTWEAR — OLIVER WHEAT HIGH ANKLE ZIP 55-385,
208102,OLIVER 55-385 WHEAT HI-ANKLE UK13,PAIR,SAFETY FOOTWEAR — OLIVER WHEAT HIGH ANKLE ZIP 55-385,
208103,OLIVER 55-385 WHEAT HI-ANKLE UK14,PAIR,SAFETY FOOTWEAR — OLIVER WHEAT HIGH ANKLE ZIP 55-385,
207667,OLIVER 55-332Z WHEAT UK5,PAIR,SAFETY FOOTWEAR — OLIVER WHEAT HIGH ANKLE ZIP 55-385,Y
208015,OLIVER 55-332Z WHEAT UK6,PAIR,SAFETY FOOTWEAR — OLIVER WHEAT HIGH ANKLE ZIP 55-385,Y
208019,OLIVER 55-332Z WHEAT UK6.5,PAIR,SAFETY FOOTWEAR — OLIVER WHEAT HIGH ANKLE ZIP 55-385,Y
206887,OLIVER 55-332Z WHEAT UK7,PAIR,SAFETY FOOTWEAR — OLIVER WHEAT HIGH ANKLE ZIP 55-385,
207331,OLIVER 55-332Z WHEAT UK7.5,PAIR,SAFETY FOOTWEAR — OLIVER WHEAT HIGH ANKLE ZIP 55-385,Y
206888,OLIVER 55-332Z WHEAT UK8,PAIR,SAFETY FOOTWEAR — OLIVER WHEAT HIGH ANKLE ZIP 55-385,
207332,OLIVER 55-332Z WHEAT UK8.5,PAIR,SAFETY FOOTWEAR — OLIVER WHEAT HIGH ANKLE ZIP 55-385,
206889,OLIVER 55-332Z WHEAT UK9,PAIR,SAFETY FOOTWEAR — OLIVER WHEAT HIGH ANKLE ZIP 55-385,
207333,OLIVER 55-332Z WHEAT UK9.5,PAIR,SAFETY FOOTWEAR — OLIVER WHEAT HIGH ANKLE ZIP 55-385,
206890,OLIVER 55-332Z WHEAT UK10,PAIR,SAFETY FOOTWEAR — OLIVER WHEAT HIGH ANKLE ZIP 55-385,
207334,OLIVER 55-332Z WHEAT UK10.5,PAIR,SAFETY FOOTWEAR — OLIVER WHEAT HIGH ANKLE ZIP 55-385,
206891,OLIVER 55-332Z WHEAT UK11,PAIR,SAFETY FOOTWEAR — OLIVER WHEAT HIGH ANKLE ZIP 55-385,
207335,OLIVER 55-332Z WHEAT UK11.5,PAIR,SAFETY FOOTWEAR — OLIVER WHEAT HIGH ANKLE ZIP 55-385,Y
206892,OLIVER 55-332Z WHEAT UK12,PAIR,SAFETY FOOTWEAR — OLIVER WHEAT HIGH ANKLE ZIP 55-385,
207336,OLIVER 55-332Z WHEAT UK12.5,PAIR,SAFETY FOOTWEAR — OLIVER WHEAT HIGH ANKLE ZIP 55-385,Y
207337,OLIVER 55-332Z WHEAT UK13,PAIR,SAFETY FOOTWEAR — OLIVER WHEAT HIGH ANKLE ZIP 55-385,
207338,OLIVER 55-332Z WHEAT UK14,PAIR,SAFETY FOOTWEAR — OLIVER WHEAT HIGH ANKLE ZIP 55-385,Y
208503,OLIVER 55-332Z WHEAT UK15,PAIR,SAFETY FOOTWEAR — OLIVER WHEAT HIGH ANKLE ZIP 55-385,Y
208504,OLIVER 55-332Z WHEAT UK16,PAIR,SAFETY FOOTWEAR — OLIVER WHEAT HIGH ANKLE ZIP 55-385,Y
208055,OLIVER 55-345 BLACK UK4,PAIR,SAFETY FOOTWEAR — OLIVER WHEAT HIGH ANKLE ZIP 55-385,Y
208056,OLIVER 55-345 BLACK UK5,PAIR,SAFETY FOOTWEAR — OLIVER WHEAT HIGH ANKLE ZIP 55-385,Y
208057,OLIVER 55-345 BLACK UK6,PAIR,SAFETY FOOTWEAR — OLIVER WHEAT HIGH ANKLE ZIP 55-385,Y
208058,OLIVER 55-345 BLACK UK6.5,PAIR,SAFETY FOOTWEAR — OLIVER WHEAT HIGH ANKLE ZIP 55-385,Y
208059,OLIVER 55-345 BLACK UK7,PAIR,SAFETY FOOTWEAR — OLIVER WHEAT HIGH ANKLE ZIP 55-385,
208060,OLIVER 55-345 BLACK UK7.5,PAIR,SAFETY FOOTWEAR — OLIVER WHEAT HIGH ANKLE ZIP 55-385,Y
208061,OLIVER 55-345 BLACK UK8,PAIR,SAFETY FOOTWEAR — OLIVER WHEAT HIGH ANKLE ZIP 55-385,
208062,OLIVER 55-345 BLACK UK8.5,PAIR,SAFETY FOOTWEAR — OLIVER WHEAT HIGH ANKLE ZIP 55-385,Y
208063,OLIVER 55-345 BLACK UK9,PAIR,SAFETY FOOTWEAR — OLIVER WHEAT HIGH ANKLE ZIP 55-385,
208064,OLIVER 55-345 BLACK UK9.5,PAIR,SAFETY FOOTWEAR — OLIVER WHEAT HIGH ANKLE ZIP 55-385,Y
208065,OLIVER 55-345 BLACK UK10,PAIR,SAFETY FOOTWEAR — OLIVER WHEAT HIGH ANKLE ZIP 55-385,
208066,OLIVER 55-345 BLACK UK10.5,PAIR,SAFETY FOOTWEAR — OLIVER WHEAT HIGH ANKLE ZIP 55-385,Y
208067,OLIVER 55-345 BLACK UK11,PAIR,SAFETY FOOTWEAR — OLIVER WHEAT HIGH ANKLE ZIP 55-385,
208068,OLIVER 55-345 BLACK UK11.5,PAIR,SAFETY FOOTWEAR — OLIVER WHEAT HIGH ANKLE ZIP 55-385,Y
208069,OLIVER 55-345 BLACK UK12,PAIR,SAFETY FOOTWEAR — OLIVER WHEAT HIGH ANKLE ZIP 55-385,
208070,OLIVER 55-345 BLACK UK12.5,PAIR,SAFETY FOOTWEAR — OLIVER WHEAT HIGH ANKLE ZIP 55-385,Y
208071,OLIVER 55-345 BLACK UK13,PAIR,SAFETY FOOTWEAR — OLIVER WHEAT HIGH ANKLE ZIP 55-385,Y
208072,OLIVER 55-345 BLACK UK14,PAIR,SAFETY FOOTWEAR — OLIVER WHEAT HIGH ANKLE ZIP 55-385,Y
208073,OLIVER 55-345 BLACK UK15,PAIR,SAFETY FOOTWEAR — OLIVER WHEAT HIGH ANKLE ZIP 55-385,Y
208074,OLIVER 55-345 BLACK UK16,PAIR,SAFETY FOOTWEAR — OLIVER WHEAT HIGH ANKLE ZIP 55-385,Y
206850,SHOELACES,EACH,SAFETY FOOTWEAR — OLIVER WHEAT HIGH ANKLE ZIP 55-385,
208120,OLIVER AT45-645 BLACK UK6,PAIR,"SAFETY FOOTWEAR — OLIVER BLACK AT45-645 (NO ZIP, supplier-order)",Y
208121,OLIVER AT45-645 BLACK UK6.5,PAIR,"SAFETY FOOTWEAR — OLIVER BLACK AT45-645 (NO ZIP, supplier-order)",Y
208122,OLIVER AT45-645 BLACK UK7,PAIR,"SAFETY FOOTWEAR — OLIVER BLACK AT45-645 (NO ZIP, supplier-order)",Y
208123,OLIVER AT45-645 BLACK UK7.5,PAIR,"SAFETY FOOTWEAR — OLIVER BLACK AT45-645 (NO ZIP, supplier-order)",Y
208124,OLIVER AT45-645 BLACK UK8,PAIR,"SAFETY FOOTWEAR — OLIVER BLACK AT45-645 (NO ZIP, supplier-order)",Y
208126,OLIVER AT45-645 BLACK UK8.5,PAIR,"SAFETY FOOTWEAR — OLIVER BLACK AT45-645 (NO ZIP, supplier-order)",Y
208127,OLIVER AT45-645 BLACK UK9,PAIR,"SAFETY FOOTWEAR — OLIVER BLACK AT45-645 (NO ZIP, supplier-order)",Y
208128,OLIVER AT45-645 BLACK UK9.5,PAIR,"SAFETY FOOTWEAR — OLIVER BLACK AT45-645 (NO ZIP, supplier-order)",Y
208129,OLIVER AT45-645 BLACK UK10,PAIR,"SAFETY FOOTWEAR — OLIVER BLACK AT45-645 (NO ZIP, supplier-order)",Y
208130,OLIVER AT45-645 BLACK UK10.5,PAIR,"SAFETY FOOTWEAR — OLIVER BLACK AT45-645 (NO ZIP, supplier-order)",Y
208131,OLIVER AT45-645 BLACK UK11,PAIR,"SAFETY FOOTWEAR — OLIVER BLACK AT45-645 (NO ZIP, supplier-order)",Y
208132,OLIVER AT45-645 BLACK UK11.5,PAIR,"SAFETY FOOTWEAR — OLIVER BLACK AT45-645 (NO ZIP, supplier-order)",Y
208133,OLIVER AT45-645 BLACK UK12,PAIR,"SAFETY FOOTWEAR — OLIVER BLACK AT45-645 (NO ZIP, supplier-order)",Y
208134,OLIVER AT45-645 BLACK UK12.5,PAIR,"SAFETY FOOTWEAR — OLIVER BLACK AT45-645 (NO ZIP, supplier-order)",Y
208135,OLIVER AT45-645 BLACK UK13,PAIR,"SAFETY FOOTWEAR — OLIVER BLACK AT45-645 (NO ZIP, supplier-order)",Y
208136,STEEL BLUE PEN-RESISTANT UK5,PAIR,"SAFETY FOOTWEAR — OLIVER BLACK AT45-645 (NO ZIP, supplier-order)",Y
208137,STEEL BLUE PEN-RESISTANT UK6,PAIR,"SAFETY FOOTWEAR — OLIVER BLACK AT45-645 (NO ZIP, supplier-order)",Y
208138,STEEL BLUE PEN-RESISTANT UK6.5,PAIR,"SAFETY FOOTWEAR — OLIVER BLACK AT45-645 (NO ZIP, supplier-order)",
208139,STEEL BLUE PEN-RESISTANT UK7,PAIR,"SAFETY FOOTWEAR — OLIVER BLACK AT45-645 (NO ZIP, supplier-order)",
208140,STEEL BLUE PEN-RESISTANT UK7.5,PAIR,"SAFETY FOOTWEAR — OLIVER BLACK AT45-645 (NO ZIP, supplier-order)",Y
207141,STEEL BLUE PEN-RESISTANT UK8,"PAIR   [note: code as printed — appears to be catalogue typo, likely should be 208141]","SAFETY FOOTWEAR — OLIVER BLACK AT45-645 (NO ZIP, supplier-order)",
207142,STEEL BLUE PEN-RESISTANT UK8.5,PAIR   [note: likely 208142 — catalogue typo],"SAFETY FOOTWEAR — OLIVER BLACK AT45-645 (NO ZIP, supplier-order)",Y
207143,STEEL BLUE PEN-RESISTANT UK9,PAIR   [note: likely 208143 — catalogue typo; 207143 is also ENVELOPE C4],"SAFETY FOOTWEAR — OLIVER BLACK AT45-645 (NO ZIP, supplier-order)",
207144,STEEL BLUE PEN-RESISTANT UK9.5,PAIR   [note: likely 208144 — catalogue typo; 207144 is also ENVELOPE DLX],"SAFETY FOOTWEAR — OLIVER BLACK AT45-645 (NO ZIP, supplier-order)",Y
208145,STEEL BLUE PEN-RESISTANT UK10,PAIR,"SAFETY FOOTWEAR — OLIVER BLACK AT45-645 (NO ZIP, supplier-order)",
208146,STEEL BLUE PEN-RESISTANT UK10.5,PAIR   [note: 208146 also used for ENVELOPE DLX BARCODE LICK n STICK — resolve with Stores],"SAFETY FOOTWEAR — OLIVER BLACK AT45-645 (NO ZIP, supplier-order)",Y
208147,STEEL BLUE PEN-RESISTANT UK11,PAIR,"SAFETY FOOTWEAR — OLIVER BLACK AT45-645 (NO ZIP, supplier-order)",
208148,STEEL BLUE PEN-RESISTANT UK12,PAIR,"SAFETY FOOTWEAR — OLIVER BLACK AT45-645 (NO ZIP, supplier-order)",
208149,STEEL BLUE PEN-RESISTANT UK13,PAIR,"SAFETY FOOTWEAR — OLIVER BLACK AT45-645 (NO ZIP, supplier-order)",
208054,BLUNDSTONE GUMBOOT UK5,PAIR,SAFETY FOOTWEAR — BLUNDSTONE GUMBOOTS,
208053,BLUNDSTONE GUMBOOT UK6,PAIR,SAFETY FOOTWEAR — BLUNDSTONE GUMBOOTS,
206893,BLUNDSTONE GUMBOOT UK7,PAIR,SAFETY FOOTWEAR — BLUNDSTONE GUMBOOTS,
206894,BLUNDSTONE GUMBOOT UK8,PAIR,SAFETY FOOTWEAR — BLUNDSTONE GUMBOOTS,
206895,BLUNDSTONE GUMBOOT UK9,PAIR,SAFETY FOOTWEAR — BLUNDSTONE GUMBOOTS,
206896,BLUNDSTONE GUMBOOT UK10,PAIR,SAFETY FOOTWEAR — BLUNDSTONE GUMBOOTS,
206897,BLUNDSTONE GUMBOOT UK11,PAIR,SAFETY FOOTWEAR — BLUNDSTONE GUMBOOTS,
206898,BLUNDSTONE GUMBOOT UK12,PAIR,SAFETY FOOTWEAR — BLUNDSTONE GUMBOOTS,
207340,BLUNDSTONE GUMBOOT UK13,PAIR,SAFETY FOOTWEAR — BLUNDSTONE GUMBOOTS,
208025,STEEL-BLUE PINK 512761 WOMENS UK4,PAIR,SAFETY FOOTWEAR — BLUNDSTONE GUMBOOTS,Y
208026,STEEL-BLUE PINK 512761 WOMENS UK5,PAIR,SAFETY FOOTWEAR — BLUNDSTONE GUMBOOTS,Y
208021,STEEL-BLUE PINK 512761 WOMENS UK6,PAIR,SAFETY FOOTWEAR — BLUNDSTONE GUMBOOTS,
208020,STEEL-BLUE PINK 512761 WOMENS UK7,PAIR,SAFETY FOOTWEAR — BLUNDSTONE GUMBOOTS,
208022,STEEL-BLUE PINK 512761 WOMENS UK8,PAIR,SAFETY FOOTWEAR — BLUNDSTONE GUMBOOTS,
208023,STEEL-BLUE PINK 512761 WOMENS UK9,PAIR,SAFETY FOOTWEAR — BLUNDSTONE GUMBOOTS,
208027,STEEL-BLUE PINK 512761 WOMENS UK10,PAIR,SAFETY FOOTWEAR — BLUNDSTONE GUMBOOTS,Y
208028,STEEL-BLUE PINK 512761 WOMENS UK11,PAIR,SAFETY FOOTWEAR — BLUNDSTONE GUMBOOTS,Y
208075,OLIVER 49-445Z WOMENS WHEAT UK5,PAIR,SAFETY FOOTWEAR — BLUNDSTONE GUMBOOTS,
208076,OLIVER 49-445Z WOMENS WHEAT UK6,PAIR,SAFETY FOOTWEAR — BLUNDSTONE GUMBOOTS,
208078,OLIVER 49-445Z WOMENS WHEAT UK7,PAIR,SAFETY FOOTWEAR — BLUNDSTONE GUMBOOTS,
208080,OLIVER 49-445Z WOMENS WHEAT UK8,PAIR,SAFETY FOOTWEAR — BLUNDSTONE GUMBOOTS,
208081,OLIVER 49-445Z WOMENS WHEAT UK8.5,PAIR,SAFETY FOOTWEAR — BLUNDSTONE GUMBOOTS,Y
208082,OLIVER 49-445Z WOMENS WHEAT UK9,PAIR,SAFETY FOOTWEAR — BLUNDSTONE GUMBOOTS,
208084,OLIVER 49-445Z WOMENS WHEAT UK10,PAIR,SAFETY FOOTWEAR — BLUNDSTONE GUMBOOTS,Y
208085,OLIVER 49-445Z WOMENS WHEAT UK11,PAIR,SAFETY FOOTWEAR — BLUNDSTONE GUMBOOTS,Y
207661,OLIVER 49432Z WOMENS WHEAT SIZE 35 (UK5),PAIR,SAFETY FOOTWEAR — BLUNDSTONE GUMBOOTS,Y
207576,OLIVER 49432Z WOMENS WHEAT SIZE 36 (UK6),PAIR,SAFETY FOOTWEAR — BLUNDSTONE GUMBOOTS,
207577,OLIVER 49432Z WOMENS WHEAT SIZE 38 (UK7),PAIR,SAFETY FOOTWEAR — BLUNDSTONE GUMBOOTS,
207578,OLIVER 49432Z WOMENS WHEAT SIZE 39 (UK8),PAIR,SAFETY FOOTWEAR — BLUNDSTONE GUMBOOTS,
207579,OLIVER 49432Z WOMENS WHEAT SIZE 41 (UK9),PAIR,SAFETY FOOTWEAR — BLUNDSTONE GUMBOOTS,
207654,OLIVER 49432Z WOMENS WHEAT SIZE 42 (UK10),PAIR,SAFETY FOOTWEAR — BLUNDSTONE GUMBOOTS,Y
